[    {
        "alpha-2": "Alma Livre",
        "name": "Alma Livre",
    	"category":"ISC"
	},
    {
        "alpha-2": "Almarania",
        "name": "Almarania",
    	"category":"ISC"
	},
    {
        "alpha-2": "Alteus",
        "name": "Alteus",
    	"category":"ISC"
	},
    {
        "alpha-2": "Amika",
        "name": "Amika",
    	"category":"ISC"
	},
    {
        "alpha-2": "Amsteris",
        "name": "Amsteris",
    	"category":"ISC"
	},
    {
        "alpha-2": "Aonach",
        "name": "Aonach",
    	"category":"ISC"
	},
    {
        "alpha-2": "Aurävaan",
        "name": "Aurävaan",
    	"category":"ISC"
	},
    {
        "alpha-2": "Aurävaan",
        "name": "Auravaan",
    	"category":"ISC"
	},
    {
        "alpha-2": "Auspikitan",
        "name": "Auspikitan",
    	"category":"ISC"
	},
    {
        "alpha-2": "Bitland",
        "name": "Bitland",
    	"category":"ISC"
	},
    {
        "alpha-2": "Bubblique",
        "name": "Bubblique",
    	"category":"ISC"
	},
    {
        "alpha-2": "Caprika",
        "name": "Caprika",
    	"category":"ISC"
	},
    {
        "alpha-2": "Jhe Freeh",
        "name": "Jhe Freeh",
    	"category":"ISC"
	},
    {
        "alpha-2": "Cytrus",
        "name": "Cytrus",
    	"category":"ISC"
	},
    {
        "alpha-2": "Darkria",
        "name": "Darkria",
    	"category":"ISC"
	},
    {
        "alpha-2": "DimkaRUS",
        "name": "DimkaRUS",
    	"category":"ISC"
	},
    {
        "alpha-2": "DPR Jindalea",
        "name": "DPR Jindalea",
    	"category":"ISC"
	},
    {
        "alpha-2": "Dulcet Ebullience",
        "name": "Dulcet Ebullience",
    	"category":"ISC"
	},
    {
        "alpha-2": "Dvipantara",
        "name": "Dvipantara",
    	"category":"ISC"
	},
    {
        "alpha-2": "Easterosia",
        "name": "Easterosia",
    	"category":"ISC"
	},
    {
        "alpha-2": "Edoriada",
        "name": "Edoriada",
    	"category":"ISC"
	},
    {
        "alpha-2": "Ekotruka",
        "name": "Ekotruka",
    	"category":"ISC"
	},
    {
        "alpha-2": "Eriod",
        "name": "Eriod",
    	"category":"ISC"
	},
    {
        "alpha-2": "Evergreen Lands",
        "name": "Evergreen Lands",
    	"category":"ISC"
	},
    {
        "alpha-2": "Fierce",
        "name": "Fierce",
    	"category":"ISC"
	},
    {
        "alpha-2": "Folkloria",
        "name": "Folkloria",
    	"category":"ISC"
	},
    {
        "alpha-2": "Frostfall",
        "name": "Frostfall",
    	"category":"ISC"
	},
    {
        "alpha-2": "Gandhara",
        "name": "Gandhara",
    	"category":"ISC"
	},
    {
        "alpha-2": "Gebze",
        "name": "Gebze",
    	"category":"ISC"
	},
    {
        "alpha-2": "Grolskira",
        "name": "Grolskira",
    	"category":"ISC"
	},
    {
        "alpha-2": "Hanzyuki",
        "name": "Hanzyuki",
    	"category":"ISC"
	},
    {
        "alpha-2": "Háttųka",
        "name": "Háttųka",
    	"category":"ISC"
	},
    {
        "alpha-2": "Háttųka",
        "name": "Hattuka",
    	"category":"ISC"
	},
    {
        "alpha-2": "Haven",
        "name": "Haven",
    	"category":"ISC"
	},
    {
        "alpha-2": "HKJIADH",
        "name": "HKJIADH",
    	"category":"ISC"
	},
    {
        "alpha-2": "Huania",
        "name": "Huania",
    	"category":"ISC"
	},
    {
        "alpha-2": "Irdminia",
        "name": "Irdminia",
    	"category":"ISC"
	},
    {
        "alpha-2": "Kaeros Islands",
        "name": "Kaeros Islands",
    	"category":"ISC"
	},
    {
        "alpha-2": "Kaledonii",
        "name": "Kaledonii",
    	"category":"ISC"
	},
    {
        "alpha-2": "Kaministiquia",
        "name": "Kaministiquia",
    	"category":"ISC"
	},
    {
        "alpha-2": "Keohretcha",
        "name": "Keohretcha",
    	"category":"ISC"
	},
    {
        "alpha-2": "Kilvan League",
        "name": "Kilvan League",
    	"category":"ISC"
	},
    {
        "alpha-2": "Kimmystan",
        "name": "Kimmystan",
    	"category":"ISC"
	},
    {
        "alpha-2": "Kosma",
        "name": "Kosma",
    	"category":"ISC"
	},
    {
        "alpha-2": "Lacrea",
        "name": "Lacrea",
    	"category":"ISC"
	},
    {
        "alpha-2": "Leshia",
        "name": "Leshia",
    	"category":"ISC"
	},
    {
        "alpha-2": "Lettuce",
        "name": "Lettuce",
    	"category":"ISC"
	},
    {
        "alpha-2": "Lost Islands",
        "name": "Lost Islands",
    	"category":"ISC"
	},
    {
        "alpha-2": "Mensa",
        "name": "Mensa",
    	"category":"ISC"
	},
    {
        "alpha-2": "Luzze",
        "name": "Luzze",
    	"category":"ISC"
	},
    {
        "alpha-2": "Monteverde",
        "name": "Monteverde",
    	"category":"ISC"
	},
    {
        "alpha-2": "Nicolas' Neighbour",
        "name": "Nicolas' Neighbour",
    	"category":"ISC"
	},
    {
        "alpha-2": "Noxus",
        "name": "Noxus",
    	"category":"ISC"
	},
    {
        "alpha-2": "Ova Anova",
        "name": "Ova Anova",
    	"category":"ISC"
	},
    {
        "alpha-2": "Pebbleland",
        "name": "Pebbleland",
    	"category":"ISC"
	},
    {
        "alpha-2": "Pen Island",
        "name": "Pen Island",
    	"category":"ISC"
	},
    {
        "alpha-2": "Polland",
        "name": "Polland",
    	"category":"ISC"
	},
    {
        "alpha-2": "Ponásikwa",
        "name": "Ponásikwa",
    	"category":"ISC"
	},
    {
        "alpha-2": "Ponasikwa",
        "name": "Ponasikwa",
    	"category":"ISC"
	},
    {
        "alpha-2": "Pönö",
        "name": "Pönö",
    	"category":"ISC"
	},
    {
        "alpha-2": "Pono",
        "name": "Pono",
    	"category":"ISC"
	},
    {
        "alpha-2": "Porielana",
        "name": "Porielana",
    	"category":"ISC"
	},
    {
        "alpha-2": "Raingate",
        "name": "Raingate",
    	"category":"ISC"
	},
    {
        "alpha-2": "Rata Sum",
        "name": "Rata Sum",
    	"category":"ISC"
	},
    {
        "alpha-2": "RC Laranjeiras",
        "name": "RC Laranjeiras",
    	"category":"ISC"
	},
    {
        "alpha-2": "Ruthsina",
        "name": "Ruthsina",
    	"category":"ISC"
	},
    {
        "alpha-2": "Sanlyona",
        "name": "Sanlyona",
    	"category":"ISC"
	},
    {
        "alpha-2": "Satoriland",
        "name": "Satoriland",
    	"category":"ISC"
	},
    {
        "alpha-2": "SEAL",
        "name": "SEAL",
    	"category":"ISC"
	},
    {
        "alpha-2": "SEAL",
        "name": "St. Eva & Lepland",
    	"category":"ISC"
	},
    {
        "alpha-2": "SEAL",
        "name": "St. Eva and Lepland",
    	"category":"ISC"
	},
    {
        "alpha-2": "Sofós",
        "name": "Sofós",
    	"category":"ISC"
	},
    {
        "alpha-2": "Spitzenbergen",
        "name": "Spitzenbergen",
    	"category":"ISC"
	},
    {
        "alpha-2": "St Laurentis",
        "name": "St Laurentis",
    	"category":"ISC"
	},
    {
        "alpha-2": "Sunetti",
        "name": "Sunetti",
    	"category":"ISC"
	},
    {
        "alpha-2": "Tashkveny",
        "name": "Tashkveny",
    	"category":"ISC"
	},
    {
        "alpha-2": "Territrius",
        "name": "Territrius",
    	"category":"ISC"
	},
    {
        "alpha-2": "Thorway",
        "name": "Thorway",
    	"category":"ISC"
	},
    {
        "alpha-2": "Tikata",
        "name": "Tikata",
    	"category":"ISC"
	},
    {
        "alpha-2": "Timivar",
        "name": "Timivar",
    	"category":"ISC"
	},
    {
        "alpha-2": "Tjärsklanjska",
        "name": "Tjärsklanjska",
    	"category":"ISC"
	},
    {
        "alpha-2": "Tjärsklanjska",
        "name": "Tjarsklanjska",
    	"category":"ISC"
	},
    {
        "alpha-2": "Tonallán",
        "name": "Tonallán",
    	"category":"ISC"
	},
    {
        "alpha-2": "Tonallán",
        "name": "Tonallan",
    	"category":"ISC"
	},
    {
        "alpha-2": "Trolofloppia",
        "name": "Trolofloppia",
    	"category":"ISC"
	},
    {
        "alpha-2": "Valdron",
        "name": "Valdron",
    	"category":"ISC"
	},
    {
        "alpha-2": "Xara Khanate",
        "name": "Xara Khanate",
    	"category":"ISC"
	},
    {
        "alpha-2": "Yazminia",
        "name": "Yazminia",
    	"category":"ISC"
	},
    {
        "alpha-2": "Zelmerlöwia",
        "name": "Zelmerlöwia",
    	"category":"ISC"
	},
    {
        "alpha-2": "Zelmerlöwia",
        "name": "Zelmerlowia",
    	"category":"ISC"
	},
    {
        "alpha-2": "Zeme Kūku",
        "name": "Zeme Kūku",
    	"category":"ISC"
	},
    {
        "alpha-2": "Zeme Kūku",
        "name": "Zeme Kuku",
    	"category":"ISC"
	},
    {
        "alpha-2": "Zephyrus",
        "name": "Zephyrus",
    	"category":"ISC"
	},
    {
        "alpha-2": "Chruno",
        "name": "Chruno",
    	"category":"ISC"
	},
    {
        "alpha-2": "V",
        "name": "V",
    	"category":"ISC"
	},
    {
        "alpha-2": "Trešlend",
        "name": "Trešlend",
    	"category":"ISC"
	},
    {
        "alpha-2": "Trešlend",
        "name": "Treslend",
    	"category":"ISC"
	},
    {
        "alpha-2": "Republica Libera",
        "name": "Republica Libera",
    	"category":"ISC"
	},
    {
        "alpha-2": "Waticania",
        "name": "Waticania",
    	"category":"ISC"
	},
    {
        "alpha-2": "AF",
        "name": "Afghanistan",
    	"category":"World"
	},
    {
        "alpha-2": "AX",
        "name": "Åland Islands",
    	"category":"World"
	},
    {
        "alpha-2": "AX",
        "name": "Aland Islands",
    	"category":"World"
	},
    {
        "alpha-2": "AL",
        "name": "Albania",
    	"category":"World"
	},
    {
        "alpha-2": "DZ",
        "name": "Algeria",
    	"category":"World"
	},
    {
        "alpha-2": "AS",
        "name": "American Samoa",
    	"category":"World"
	},
    {
        "alpha-2": "AD",
        "name": "Andorra",
    	"category":"World"
	},
    {
        "alpha-2": "AO",
        "name": "Angola",
    	"category":"World"
	},
    {
        "alpha-2": "AI",
        "name": "Anguilla",
    	"category":"World"
	},
    {
        "alpha-2": "AQ",
        "name": "Antarctica",
    	"category":"World"
	},
    {
        "alpha-2": "AG",
        "name": "Antigua and Barbuda",
    	"category":"World"
	},
    {
        "alpha-2": "AR",
        "name": "Argentina",
    	"category":"World"
	},
    {
        "alpha-2": "AM",
        "name": "Armenia",
    	"category":"World"
	},
    {
        "alpha-2": "AW",
        "name": "Aruba",
    	"category":"World"
	},
    {
        "alpha-2": "AU",
        "name": "Australia",
    	"category":"World"
	},
    {
        "alpha-2": "AT",
        "name": "Austria",
    	"category":"World"
	},
    {
        "alpha-2": "AZ",
        "name": "Azerbaijan",
    	"category":"World"
	},
    {
        "alpha-2": "BS",
        "name": "Bahamas",
    	"category":"World"
	},
    {
        "alpha-2": "BH",
        "name": "Bahrain",
    	"category":"World"
	},
    {
        "alpha-2": "BD",
        "name": "Bangladesh",
    	"category":"World"
	},
    {
        "alpha-2": "BB",
        "name": "Barbados",
    	"category":"World"
	},
    {
        "alpha-2": "BY",
        "name": "Belarus",
    	"category":"World"
	},
    {
        "alpha-2": "BE",
        "name": "Belgium",
    	"category":"World"
	},
    {
        "alpha-2": "BZ",
        "name": "Belize",
    	"category":"World"
	},
    {
        "alpha-2": "BJ",
        "name": "Benin",
    	"category":"World"
	},
    {
        "alpha-2": "BM",
        "name": "Bermuda",
    	"category":"World"
	},
    {
        "alpha-2": "BT",
        "name": "Bhutan",
    	"category":"World"
	},
    {
        "alpha-2": "BO",
        "name": "Bolivia",
    	"category":"World"
	},
    {
        "alpha-2": "BQ",
        "name": "Bonaire, Sint Eustatius and Saba",
    	"category":"World"
	},
    {
        "alpha-2": "BA",
        "name": "Bosnia and Herzegovina",
    	"category":"World"
	},
    {
        "alpha-2": "BW",
        "name": "Botswana",
    	"category":"World"
	},
    {
        "alpha-2": "BV",
        "name": "Bouvet Island",
    	"category":"World"
	},
    {
        "alpha-2": "BR",
        "name": "Brazil",
    	"category":"World"
	},
    {
        "alpha-2": "IO",
        "name": "British Indian Ocean Territory",
    	"category":"World"
	},
    {
        "alpha-2": "BN",
        "name": "Brunei Darussalam",
    	"category":"World"
	},
    {
        "alpha-2": "BN",
        "name": "Brunei",
    	"category":"World"
	},
    {
        "alpha-2": "BG",
        "name": "Bulgaria",
    	"category":"World"
	},
    {
        "alpha-2": "BF",
        "name": "Burkina Faso",
    	"category":"World"
	},
    {
        "alpha-2": "BI",
        "name": "Burundi",
    	"category":"World"
	},
    {
        "alpha-2": "KH",
        "name": "Cambodia",
    	"category":"World"
	},
    {
        "alpha-2": "CM",
        "name": "Cameroon",
    	"category":"World"
	},
    {
        "alpha-2": "CA",
        "name": "Canada",
    	"category":"World"
	},
    {
        "alpha-2": "CV",
        "name": "Cape Verde",
    	"category":"World"
	},
    {
        "alpha-2": "KY",
        "name": "Cayman Islands",
    	"category":"World"
	},
    {
        "alpha-2": "CF",
        "name": "Central African Republic",
    	"category":"World"
	},
    {
        "alpha-2": "TD",
        "name": "Chad",
    	"category":"World"
	},
    {
        "alpha-2": "CL",
        "name": "Chile",
    	"category":"World"
	},
    {
        "alpha-2": "CN",
        "name": "China",
    	"category":"World"
	},
    {
        "alpha-2": "CX",
        "name": "Christmas Island",
    	"category":"World"
	},
    {
        "alpha-2": "CC",
        "name": "Cocos (Keeling) Islands",
    	"category":"World"
	},
    {
        "alpha-2": "CO",
        "name": "Colombia",
    	"category":"World"
	},
    {
        "alpha-2": "KM",
        "name": "Comoros",
    	"category":"World"
	},
    {
        "alpha-2": "CG",
        "name": "Congo",
    	"category":"World"
	},
    {
        "alpha-2": "CD",
        "name": "Democratic Republic of the Congo",
    	"category":"World"
	},
    {
        "alpha-2": "CK",
        "name": "Cook Islands",
    	"category":"World"
	},
    {
        "alpha-2": "CR",
        "name": "Costa Rica",
    	"category":"World"
	},
    {
        "alpha-2": "CI",
        "name": "Côte d'Ivoire",
    	"category":"World"
	},
    {
        "alpha-2": "HR",
        "name": "Croatia",
    	"category":"World"
	},
    {
        "alpha-2": "CU",
        "name": "Cuba",
    	"category":"World"
	},
    {
        "alpha-2": "CW",
        "name": "Curaçao",
    	"category":"World"
	},
    {
        "alpha-2": "CY",
        "name": "Cyprus",
    	"category":"World"
	},
    {
        "alpha-2": "CZ",
        "name": "Czech Republic",
    	"category":"World"
	},
    {
        "alpha-2": "DK",
        "name": "Denmark",
    	"category":"World"
	},
    {
        "alpha-2": "DJ",
        "name": "Djibouti",
    	"category":"World"
	},
    {
        "alpha-2": "DM",
        "name": "Dominica",
    	"category":"World"
	},
    {
        "alpha-2": "DO",
        "name": "Dominican Republic",
    	"category":"World"
	},
    {
        "alpha-2": "EC",
        "name": "Ecuador",
    	"category":"World"
	},
    {
        "alpha-2": "EG",
        "name": "Egypt",
    	"category":"World"
	},
    {
        "alpha-2": "SV",
        "name": "El Salvador",
    	"category":"World"
	},
    {
        "alpha-2": "GQ",
        "name": "Equatorial Guinea",
    	"category":"World"
	},
    {
        "alpha-2": "ER",
        "name": "Eritrea",
    	"category":"World"
	},
    {
        "alpha-2": "EE",
        "name": "Estonia",
    	"category":"World"
	},
    {
        "alpha-2": "ET",
        "name": "Ethiopia",
    	"category":"World"
	},
    {
        "alpha-2": "FK",
        "name": "Falkland Islands",
    	"category":"World"
	},
    {
        "alpha-2": "FO",
        "name": "Faroe Islands",
    	"category":"World"
	},
    {
        "alpha-2": "FJ",
        "name": "Fiji",
    	"category":"World"
	},
    {
        "alpha-2": "FI",
        "name": "Finland",
    	"category":"World"
	},
    {
        "alpha-2": "FR",
        "name": "France",
    	"category":"World"
	},
    {
        "alpha-2": "GF",
        "name": "French Guiana",
    	"category":"World"
	},
    {
        "alpha-2": "PF",
        "name": "French Polynesia",
    	"category":"World"
	},
    {
        "alpha-2": "TF",
        "name": "French Southern Territories",
    	"category":"World"
	},
    {
        "alpha-2": "GA",
        "name": "Gabon",
    	"category":"World"
	},
    {
        "alpha-2": "GM",
        "name": "Gambia",
    	"category":"World"
	},
    {
        "alpha-2": "GE",
        "name": "Georgia",
    	"category":"World"
	},
    {
        "alpha-2": "DE",
        "name": "Germany",
    	"category":"World"
	},
    {
        "alpha-2": "GH",
        "name": "Ghana",
    	"category":"World"
	},
    {
        "alpha-2": "GI",
        "name": "Gibraltar",
    	"category":"World"
	},
    {
        "alpha-2": "GR",
        "name": "Greece",
    	"category":"World"
	},
    {
        "alpha-2": "GL",
        "name": "Greenland",
    	"category":"World"
	},
    {
        "alpha-2": "GD",
        "name": "Grenada",
    	"category":"World"
	},
    {
        "alpha-2": "GP",
        "name": "Guadeloupe",
    	"category":"World"
	},
    {
        "alpha-2": "GU",
        "name": "Guam",
    	"category":"World"
	},
    {
        "alpha-2": "GT",
        "name": "Guatemala",
    	"category":"World"
	},
    {
        "alpha-2": "GG",
        "name": "Guernsey",
    	"category":"World"
	},
    {
        "alpha-2": "GN",
        "name": "Guinea",
    	"category":"World"
	},
    {
        "alpha-2": "GW",
        "name": "Guinea-Bissau",
    	"category":"World"
	},
    {
        "alpha-2": "GY",
        "name": "Guyana",
    	"category":"World"
	},
    {
        "alpha-2": "HT",
        "name": "Haiti",
    	"category":"World"
	},
    {
        "alpha-2": "HM",
        "name": "Heard Island and McDonald Islands",
    	"category":"World"
	},
    {
        "alpha-2": "VA",
        "name": "Vatican City",
    	"category":"World"
	},
    {
        "alpha-2": "HN",
        "name": "Honduras",
    	"category":"World"
	},
    {
        "alpha-2": "HK",
        "name": "Hong Kong",
    	"category":"World"
	},
    {
        "alpha-2": "HU",
        "name": "Hungary",
    	"category":"World"
	},
    {
        "alpha-2": "IS",
        "name": "Iceland",
    	"category":"World"
	},
    {
        "alpha-2": "IN",
        "name": "India",
    	"category":"World"
	},
    {
        "alpha-2": "ID",
        "name": "Indonesia",
    	"category":"World"
	},
    {
        "alpha-2": "IR",
        "name": "Iran",
    	"category":"World"
	},
    {
        "alpha-2": "IQ",
        "name": "Iraq",
    	"category":"World"
	},
    {
        "alpha-2": "IE",
        "name": "Ireland",
    	"category":"World"
	},
    {
        "alpha-2": "IM",
        "name": "Isle of Man",
    	"category":"World"
	},
    {
        "alpha-2": "IL",
        "name": "Israel",
    	"category":"World"
	},
    {
        "alpha-2": "IT",
        "name": "Italy",
    	"category":"World"
	},
    {
        "alpha-2": "JM",
        "name": "Jamaica",
    	"category":"World"
	},
    {
        "alpha-2": "JP",
        "name": "Japan",
    	"category":"World"
	},
    {
        "alpha-2": "JE",
        "name": "Jersey",
    	"category":"World"
	},
    {
        "alpha-2": "JO",
        "name": "Jordan",
    	"category":"World"
	},
    {
        "alpha-2": "KZ",
        "name": "Kazakhstan",
    	"category":"World"
	},
    {
        "alpha-2": "KE",
        "name": "Kenya",
    	"category":"World"
	},
    {
        "alpha-2": "KI",
        "name": "Kiribati",
    	"category":"World"
	},
    {
        "alpha-2": "KP",
        "name": "North Korea",
    	"category":"World"
	},
    {
        "alpha-2": "KR",
        "name": "South Korea",
    	"category":"World"
	},
    {
        "alpha-2": "KW",
        "name": "Kuwait",
    	"category":"World"
	},
    {
        "alpha-2": "KG",
        "name": "Kyrgyzstan",
    	"category":"World"
	},
    {
        "alpha-2": "LA",
        "name": "Laos",
    	"category":"World"
	},
    {
        "alpha-2": "LV",
        "name": "Latvia",
    	"category":"World"
	},
    {
        "alpha-2": "LB",
        "name": "Lebanon",
    	"category":"World"
	},
    {
        "alpha-2": "LS",
        "name": "Lesotho",
    	"category":"World"
	},
    {
        "alpha-2": "LR",
        "name": "Liberia",
    	"category":"World"
	},
    {
        "alpha-2": "LY",
        "name": "Libya",
    	"category":"World"
	},
    {
        "alpha-2": "LI",
        "name": "Liechtenstein",
    	"category":"World"
	},
    {
        "alpha-2": "LT",
        "name": "Lithuania",
    	"category":"World"
	},
    {
        "alpha-2": "LU",
        "name": "Luxembourg",
    	"category":"World"
	},
    {
        "alpha-2": "MO",
        "name": "Macao",
    	"category":"World"
	},
    {
        "alpha-2": "MK",
        "name": "Macedonia",
    	"category":"World"
	},
    {
        "alpha-2": "MG",
        "name": "Madagascar",
    	"category":"World"
	},
    {
        "alpha-2": "MW",
        "name": "Malawi",
    	"category":"World"
	},
    {
        "alpha-2": "MY",
        "name": "Malaysia",
    	"category":"World"
	},
    {
        "alpha-2": "MV",
        "name": "Maldives",
    	"category":"World"
	},
    {
        "alpha-2": "ML",
        "name": "Mali",
    	"category":"World"
	},
    {
        "alpha-2": "MT",
        "name": "Malta",
    	"category":"World"
	},
    {
        "alpha-2": "MH",
        "name": "Marshall Islands",
    	"category":"World"
	},
    {
        "alpha-2": "MQ",
        "name": "Martinique",
    	"category":"World"
	},
    {
        "alpha-2": "MR",
        "name": "Mauritania",
    	"category":"World"
	},
    {
        "alpha-2": "MU",
        "name": "Mauritius",
    	"category":"World"
	},
    {
        "alpha-2": "YT",
        "name": "Mayotte",
    	"category":"World"
	},
    {
        "alpha-2": "MX",
        "name": "Mexico",
    	"category":"World"
	},
    {
        "alpha-2": "FM",
        "name": "Micronesia",
    	"category":"World"
	},
    {
        "alpha-2": "MD",
        "name": "Moldova",
    	"category":"World"
	},
    {
        "alpha-2": "MC",
        "name": "Monaco",
    	"category":"World"
	},
    {
        "alpha-2": "MN",
        "name": "Mongolia",
    	"category":"World"
	},
    {
        "alpha-2": "ME",
        "name": "Montenegro",
    	"category":"World"
	},
    {
        "alpha-2": "MS",
        "name": "Montserrat",
    	"category":"World"
	},
    {
        "alpha-2": "MA",
        "name": "Morocco",
    	"category":"World"
	},
    {
        "alpha-2": "MZ",
        "name": "Mozambique",
    	"category":"World"
	},
    {
        "alpha-2": "MM",
        "name": "Myanmar",
    	"category":"World"
	},
    {
        "alpha-2": "NA",
        "name": "Namibia",
    	"category":"World"
	},
    {
        "alpha-2": "NR",
        "name": "Nauru",
    	"category":"World"
	},
    {
        "alpha-2": "NP",
        "name": "Nepal",
    	"category":"World"
	},
    {
        "alpha-2": "NL",
        "name": "The Netherlands",
    	"category":"World"
	},
    {
        "alpha-2": "NL",
        "name": "Netherlands",
    	"category":"World"
	},
    {
        "alpha-2": "NC",
        "name": "New Caledonia",
    	"category":"World"
	},
    {
        "alpha-2": "NZ",
        "name": "New Zealand",
    	"category":"World"
	},
    {
        "alpha-2": "NI",
        "name": "Nicaragua",
    	"category":"World"
	},
    {
        "alpha-2": "NE",
        "name": "Niger",
    	"category":"World"
	},
    {
        "alpha-2": "NG",
        "name": "Nigeria",
    	"category":"World"
	},
    {
        "alpha-2": "NU",
        "name": "Niue",
    	"category":"World"
	},
    {
        "alpha-2": "NF",
        "name": "Norfolk Island",
    	"category":"World"
	},
    {
        "alpha-2": "MP",
        "name": "Northern Mariana Islands",
    	"category":"World"
	},
    {
        "alpha-2": "NO",
        "name": "Norway",
    	"category":"World"
	},
    {
        "alpha-2": "OM",
        "name": "Oman",
    	"category":"World"
	},
    {
        "alpha-2": "PK",
        "name": "Pakistan",
    	"category":"World"
	},
    {
        "alpha-2": "PW",
        "name": "Palau",
    	"category":"World"
	},
    {
        "alpha-2": "PS",
        "name": "Palestine",
    	"category":"World"
	},
    {
        "alpha-2": "PA",
        "name": "Panama",
    	"category":"World"
	},
    {
        "alpha-2": "PG",
        "name": "Papua New Guinea",
    	"category":"World"
	},
    {
        "alpha-2": "PY",
        "name": "Paraguay",
    	"category":"World"
	},
    {
        "alpha-2": "PE",
        "name": "Peru",
    	"category":"World"
	},
    {
        "alpha-2": "PH",
        "name": "Philippines",
    	"category":"World"
	},
    {
        "alpha-2": "PN",
        "name": "Pitcairn",
    	"category":"World"
	},
    {
        "alpha-2": "PL",
        "name": "Poland",
    	"category":"World"
	},
    {
        "alpha-2": "PT",
        "name": "Portugal",
    	"category":"World"
	},
    {
        "alpha-2": "PR",
        "name": "Puerto Rico",
    	"category":"World"
	},
    {
        "alpha-2": "QA",
        "name": "Qatar",
    	"category":"World"
	},
    {
        "alpha-2": "RE",
        "name": "Réunion",
    	"category":"World"
	},
    {
        "alpha-2": "RO",
        "name": "Romania",
    	"category":"World"
	},
    {
        "alpha-2": "RU",
        "name": "Russia",
    	"category":"World"
	},
    {
        "alpha-2": "RU",
        "name": "Russian Federation",
    	"category":"World"
	},
    {
        "alpha-2": "RW",
        "name": "Rwanda",
    	"category":"World"
	},
    {
        "alpha-2": "BL",
        "name": "Saint Barthélemy",
    	"category":"World"
	},
    {
        "alpha-2": "SH",
        "name": "Saint Helena, Ascension and Tristan da Cunha",
    	"category":"World"
	},
    {
        "alpha-2": "KN",
        "name": "Saint Kitts and Nevis",
    	"category":"World"
	},
    {
        "alpha-2": "LC",
        "name": "Saint Lucia",
    	"category":"World"
	},
    {
        "alpha-2": "MF",
        "name": "Saint Martin",
    	"category":"World"
	},
    {
        "alpha-2": "PM",
        "name": "Saint Pierre and Miquelon",
    	"category":"World"
	},
    {
        "alpha-2": "VC",
        "name": "Saint Vincent and the Grenadines",
    	"category":"World"
	},
    {
        "alpha-2": "WS",
        "name": "Samoa",
    	"category":"World"
	},
    {
        "alpha-2": "SM",
        "name": "San Marino",
    	"category":"World"
	},
    {
        "alpha-2": "ST",
        "name": "Sao Tome and Principe",
    	"category":"World"
	},
    {
        "alpha-2": "SA",
        "name": "Saudi Arabia",
    	"category":"World"
	},
    {
        "alpha-2": "SN",
        "name": "Senegal",
    	"category":"World"
	},
    {
        "alpha-2": "RS",
        "name": "Serbia",
    	"category":"World"
	},
    {
        "alpha-2": "SC",
        "name": "Seychelles",
    	"category":"World"
	},
    {
        "alpha-2": "SL",
        "name": "Sierra Leone",
    	"category":"World"
	},
    {
        "alpha-2": "SG",
        "name": "Singapore",
    	"category":"World"
	},
    {
        "alpha-2": "SX",
        "name": "Sint Maarten",
    	"category":"World"
	},
    {
        "alpha-2": "SK",
        "name": "Slovakia",
    	"category":"World"
	},
    {
        "alpha-2": "SI",
        "name": "Slovenia",
    	"category":"World"
	},
    {
        "alpha-2": "SB",
        "name": "Solomon Islands",
    	"category":"World"
	},
    {
        "alpha-2": "SO",
        "name": "Somalia",
    	"category":"World"
	},
    {
        "alpha-2": "ZA",
        "name": "South Africa",
    	"category":"World"
	},
    {
        "alpha-2": "GS",
        "name": "South Georgia and the South Sandwich Islands",
    	"category":"World"
	},
    {
        "alpha-2": "SS",
        "name": "South Sudan",
    	"category":"World"
	},
    {
        "alpha-2": "ES",
        "name": "Spain",
    	"category":"World"
	},
    {
        "alpha-2": "LK",
        "name": "Sri Lanka",
    	"category":"World"
	},
    {
        "alpha-2": "SD",
        "name": "Sudan",
    	"category":"World"
	},
    {
        "alpha-2": "SR",
        "name": "Suriname",
    	"category":"World"
	},
    {
        "alpha-2": "SJ",
        "name": "Svalbard and Jan Mayen",
    	"category":"World"
	},
    {
        "alpha-2": "SZ",
        "name": "Swaziland",
    	"category":"World"
	},
    {
        "alpha-2": "SE",
        "name": "Sweden",
    	"category":"World"
	},
    {
        "alpha-2": "CH",
        "name": "Switzerland",
    	"category":"World"
	},
    {
        "alpha-2": "SY",
        "name": "Syria",
    	"category":"World"
	},
    {
        "alpha-2": "TW",
        "name": "Taiwan",
    	"category":"World"
	},
    {
        "alpha-2": "TJ",
        "name": "Tajikistan",
    	"category":"World"
	},
    {
        "alpha-2": "TZ",
        "name": "Tanzania",
    	"category":"World"
	},
    {
        "alpha-2": "TH",
        "name": "Thailand",
    	"category":"World"
	},
    {
        "alpha-2": "TL",
        "name": "Timor-Leste",
    	"category":"World"
	},
    {
        "alpha-2": "TG",
        "name": "Togo",
    	"category":"World"
	},
    {
        "alpha-2": "TK",
        "name": "Tokelau",
    	"category":"World"
	},
    {
        "alpha-2": "TO",
        "name": "Tonga",
    	"category":"World"
	},
    {
        "alpha-2": "TT",
        "name": "Trinidad and Tobago",
    	"category":"World"
	},
    {
        "alpha-2": "TN",
        "name": "Tunisia",
    	"category":"World"
	},
    {
        "alpha-2": "TR",
        "name": "Turkey",
    	"category":"World"
	},
    {
        "alpha-2": "TM",
        "name": "Turkmenistan",
    	"category":"World"
	},
    {
        "alpha-2": "TC",
        "name": "Turks and Caicos Islands",
    	"category":"World"
	},
    {
        "alpha-2": "TV",
        "name": "Tuvalu",
    	"category":"World"
	},
    {
        "alpha-2": "UG",
        "name": "Uganda",
    	"category":"World"
	},
    {
        "alpha-2": "UA",
        "name": "Ukraine",
    	"category":"World"
	},
    {
        "alpha-2": "AE",
        "name": "United Arab Emirates",
    	"category":"World"
	},
    {
        "alpha-2": "GB",
        "name": "United Kingdom",
    	"category":"World"
	},
    {
        "alpha-2": "US",
        "name": "United States",
    	"category":"World"
	},
    {
        "alpha-2": "UM",
        "name": "United States Minor Outlying Islands",
    	"category":"World"
	},
    {
        "alpha-2": "UY",
        "name": "Uruguay",
    	"category":"World"
	},
    {
        "alpha-2": "UZ",
        "name": "Uzbekistan",
    	"category":"World"
	},
    {
        "alpha-2": "VU",
        "name": "Vanuatu",
    	"category":"World"
	},
    {
        "alpha-2": "VE",
        "name": "Venezuela",
    	"category":"World"
	},
    {
        "alpha-2": "VN",
        "name": "Vietnam",
    	"category":"World"
	},
    {
        "alpha-2": "VG",
        "name": "British Virgin Islands",
    	"category":"World"
	},
    {
        "alpha-2": "VI",
        "name": "American Virgin Islands",
    	"category":"World"
	},
    {
        "alpha-2": "WF",
        "name": "Wallis and Futuna",
    	"category":"World"
	},
    {
        "alpha-2": "EH",
        "name": "Western Sahara",
    	"category":"World"
	},
    {
        "alpha-2": "YE",
        "name": "Yemen",
    	"category":"World"
	},
    {
        "alpha-2": "ZM",
        "name": "Zambia",
    	"category":"World"
	},
    {
        "alpha-2": "ZW",
        "name": "Zimbabwe"
    }
]